{"date":"2021-09-07 15:38:02 UTC+0000","dp_method":"upsert","dp_env":null,"denodo_server":"pdenodo.enr.ihsenergy.com","isactive":true,"snowflake_table_name":"pointqueryhistory_dp_weekly_2006_11","last_execution_time":"2021-09-07 16:00:32 UTC+0000","source":"Schedular","is_one_off_job":false,"type":"Snowflake","folder_path":"GPE\/DATAPLATFORM\/POINTLOGIC","titan_dictionary_name":null,"toprod":false,"db01":false,"denodo_port":"9996","hour":"15","put_to_tableau":false,"denodo_user":"gpe_admin","view_name":"pointqueryhistory_dp_weekly_2006_11","tostage":false,"method":"Append","denodo_database":"gpe_pointlogic","denodo_password":"GPEDenodo!admin","env":"prod","dp_viewname":null,"created_by":"soravkumar.singh@ihsmarkit.com","minute":"50","day_month":"7","job_name":"ScheduledJob-Denodo_Prod-pointqueryhistory_dp__weekly","month":"9","week_day":"*","date_format":"m\/d\/year","view_query":"SELECT * FROM pointqueryhistory_dp WHERE (startdate_param = '2006-10-18' AND enddate_param = '2006-12-15') AND frequency = 'Weekly - Thursday'   AND (date >= '2006-11-02' and date <= '2006-11-30')"}